method,auc,accuracy,precision,recall,f1,optimal_threshold
Safety Ratio,0.5736318407960199,0.521594684385382,0.4043478260869565,0.93,0.5636363636363636,-0.3783895511574366
Perplexity,0.5819402985074626,0.6378737541528239,0.4536082474226804,0.44,0.4467005076142132,4.572292804718018
SR + Perplexity,0.5832835820895521,0.4983388704318937,0.3950617283950617,0.96,0.5597667638483965,0.48833066519587837
