category,mean,ci_lower,ci_upper,std,n
truth,0.34998570387903805,0.33204592325691096,0.36792548450116513,0.09088559066745523,102
nonsense,0.3428352322222225,0.32892461335092293,0.3567458510935221,0.06939297531656832,99
adversarial,0.32214425684993614,0.3147261696850425,0.32956234401482976,0.03719806713080953,100
