comparison,t_stat,p_value,cohen_d
Truth vs Adversarial,2.8249894453395914,0.005207363842021513,0.4009412588321356
Truth vs Nonsense,0.6224654685344747,0.5343484414319376,0.08843400200730259
Nonsense vs Adversarial,2.6117694430737273,0.009701240070525566,0.3716484264205906
